{"count":1,"gauges":{},"self":50.0290464,"total":53.165865999999994,"children":{"AgentResetIfDone":{"count":2633,"self":0.0189447,"total":0.0189447,"children":null},"AgentSendState":{"count":2633,"self":0.1405991,"total":0.4486791,"children":{"CollectObservations":{"count":10532,"self":0.30807999999999996,"total":0.30807999999999996,"children":null}}},"DecideAction":{"count":2633,"self":2.6193671999999997,"total":2.6193671,"children":null},"AcademyStep":{"count":2633,"self":0.0029909,"total":0.0029909,"children":null},"AgentAct":{"count":2633,"self":0.045838899999999995,"total":0.045838899999999995,"children":null}}}