{"count":1,"gauges":{},"self":20.687171199999998,"total":21.7491749,"children":{"AgentResetIfDone":{"count":1048,"self":0.0109715,"total":0.0109715,"children":null},"AgentSendState":{"count":1048,"self":0.0279545,"total":0.059852499999999996,"children":{"CollectObservations":{"count":1048,"self":0.031897999999999996,"total":0.031897999999999996,"children":null}}},"DecideAction":{"count":1048,"self":0.9782365,"total":0.9782365,"children":null},"AcademyStep":{"count":1048,"self":0.0029906999999999998,"total":0.0029906999999999998,"children":null},"AgentAct":{"count":1048,"self":0.0089576,"total":0.0089576,"children":null}}}