{"count":1,"gauges":{},"self":19.4708352,"total":20.4459399,"children":{"AgentResetIfDone":{"count":924,"self":0.0099005,"total":0.0099005,"children":null},"AgentSendState":{"count":924,"self":0.020886699999999998,"total":0.062635299999999991,"children":{"CollectObservations":{"count":924,"self":0.0417486,"total":0.0417486,"children":null}}},"DecideAction":{"count":924,"self":0.8935369,"total":0.8935369,"children":null},"AcademyStep":{"count":924,"self":0.0030507999999999998,"total":0.0030507999999999998,"children":null},"AgentAct":{"count":924,"self":0.0049851999999999995,"total":0.0049851999999999995,"children":null}}}